-- phpMyAdmin SQL Dump
-- version 4.8.3
-- https://www.phpmyadmin.net/
--
-- Хост: 127.0.0.1:3306
-- Время создания: Июл 14 2020 г., 20:50
-- Версия сервера: 5.6.41
-- Версия PHP: 5.6.38

SET SQL_MODE = "NO_AUTO_VALUE_ON_ZERO";
SET AUTOCOMMIT = 0;
START TRANSACTION;
SET time_zone = "+00:00";


/*!40101 SET @OLD_CHARACTER_SET_CLIENT=@@CHARACTER_SET_CLIENT */;
/*!40101 SET @OLD_CHARACTER_SET_RESULTS=@@CHARACTER_SET_RESULTS */;
/*!40101 SET @OLD_COLLATION_CONNECTION=@@COLLATION_CONNECTION */;
/*!40101 SET NAMES utf8mb4 */;

--
-- База данных: `travels`
--

-- --------------------------------------------------------

--
-- Структура таблицы `cities`
--

CREATE TABLE `cities` (
  `id` int(11) NOT NULL,
  `city` varchar(64) DEFAULT NULL,
  `countryid` int(11) DEFAULT NULL,
  `ucity` varchar(128) DEFAULT NULL
) ENGINE=InnoDB DEFAULT CHARSET=utf8;

--
-- Дамп данных таблицы `cities`
--

INSERT INTO `cities` (`id`, `city`, `countryid`, `ucity`) VALUES
(1, 'Ванкувер', 9, NULL),
(4, 'Париж', 17, NULL),
(5, 'Pecin', 13, NULL),
(6, 'Berlin', 3, NULL),
(7, 'Moskow', 1, NULL),
(8, 'Omsk', 1, NULL),
(9, 'Бремен', 3, NULL),
(10, 'Los Angeles', 19, NULL),
(11, 'Marsel', 17, NULL);

-- --------------------------------------------------------

--
-- Структура таблицы `comments`
--

CREATE TABLE `comments` (
  `id` int(11) NOT NULL,
  `comment` varchar(2048) DEFAULT NULL,
  `hotelid` int(11) DEFAULT NULL
) ENGINE=InnoDB DEFAULT CHARSET=utf8;

--
-- Дамп данных таблицы `comments`
--

INSERT INTO `comments` (`id`, `comment`, `hotelid`) VALUES
(5, 'qwqwqw', 2),
(6, 'Нормальный отель', 3),
(7, 'хороший отель', 4),
(8, 'Понравилось', 2),
(9, 'Неплохо за свои деньги', 2),
(10, 'Отель хорош', 5);

-- --------------------------------------------------------

--
-- Структура таблицы `countries`
--

CREATE TABLE `countries` (
  `id` int(11) NOT NULL,
  `country` varchar(64) DEFAULT NULL
) ENGINE=InnoDB DEFAULT CHARSET=utf8;

--
-- Дамп данных таблицы `countries`
--

INSERT INTO `countries` (`id`, `country`) VALUES
(9, 'Canada'),
(13, 'China'),
(17, 'France'),
(3, 'Germany'),
(1, 'Russia'),
(21, 'Spany'),
(19, 'USA');

-- --------------------------------------------------------

--
-- Структура таблицы `hotels`
--

CREATE TABLE `hotels` (
  `id` int(11) NOT NULL,
  `hotel` varchar(64) DEFAULT NULL,
  `cityid` int(11) DEFAULT NULL,
  `countryid` int(11) DEFAULT NULL,
  `stars` int(11) DEFAULT NULL,
  `cost` int(11) DEFAULT NULL,
  `info` varchar(1024) DEFAULT NULL
) ENGINE=InnoDB DEFAULT CHARSET=utf8;

--
-- Дамп данных таблицы `hotels`
--

INSERT INTO `hotels` (`id`, `hotel`, `cityid`, `countryid`, `stars`, `cost`, `info`) VALUES
(2, 'hilton', 1, 9, 4, 2222, 'asdasd'),
(3, 'hotel', 1, 9, 3, 222, 'sfasdf'),
(4, 'Oppa', 4, 17, 3, 12121, 'dasdfasfd'),
(5, 'Hayat', 6, 3, 5, 25555, 'ssdSFxvxcvz');

-- --------------------------------------------------------

--
-- Структура таблицы `images`
--

CREATE TABLE `images` (
  `id` int(11) NOT NULL,
  `imagepath` varchar(1024) DEFAULT NULL,
  `hotelid` int(11) DEFAULT NULL
) ENGINE=InnoDB DEFAULT CHARSET=utf8;

--
-- Дамп данных таблицы `images`
--

INSERT INTO `images` (`id`, `imagepath`, `hotelid`) VALUES
(1, 'images/211869183.jpg', 2),
(2, 'images/la-catedral.jpg', 5),
(3, 'images/la-catedral.jpg', 2),
(4, 'images/1.jpg', 3),
(5, 'images/2.jpg', 3),
(6, 'images/3jpg.jpg', 3),
(7, 'images/1.jpg', 3),
(8, 'images/2.jpg', 3),
(9, 'images/3jpg.jpg', 3),
(10, 'images/1.jpg', 2),
(11, 'images/2.jpg', 2),
(12, 'images/3jpg.jpg', 2);

-- --------------------------------------------------------

--
-- Структура таблицы `roles`
--

CREATE TABLE `roles` (
  `id` int(11) NOT NULL,
  `role` varchar(1024) DEFAULT NULL
) ENGINE=InnoDB DEFAULT CHARSET=utf8;

--
-- Дамп данных таблицы `roles`
--

INSERT INTO `roles` (`id`, `role`) VALUES
(1, 'Admin'),
(2, 'Customer');

-- --------------------------------------------------------

--
-- Структура таблицы `users`
--

CREATE TABLE `users` (
  `id` int(11) NOT NULL,
  `login` varchar(64) DEFAULT NULL,
  `pass` varchar(128) DEFAULT NULL,
  `email` varchar(128) DEFAULT NULL,
  `roleid` int(11) DEFAULT NULL,
  `discount` int(11) DEFAULT NULL,
  `avatar` mediumblob
) ENGINE=InnoDB DEFAULT CHARSET=utf8;

--
-- Дамп данных таблицы `users`
--

INSERT INTO `users` (`id`, `login`, `pass`, `email`, `roleid`, `discount`, `avatar`) VALUES
(1, '123', '$2y$10$BD25Aw29vEpSmmLkvvV1YehW75MSaAlAT5OF0ONfUig3ealatkz4i', '123@123', 1, NULL, ''),
(2, '321', '$2y$10$zhGXFbPHb5mG6ezPCSyqnecZMLOZCsNowmcWrxvSNT5TEWTYOCIGW', '321@321', 1, NULL, 0x89504e470d0a1a0a0000000d49484452000002080000020808060000000bfc16630000000467414d410000b18f0bfc6105000000206348524d00007a26000080840000fa00000080e8000075300000ea6000003a98000017709cba513c00000006624b474400ff00ff00ffa0bda7930000000774494d4507e3020b061003268328b4000041344944415478daeddd797cd4d5a1fffff7f9cc645f48c21af64d56594414415c503420228b85dacdd6fa68bd6defb5ad8fdac5561d697b7bbfbff676b1b78b4bddb516147063511037040a8820fb2e1012082421fb32f339bf3f08182109596692c9ccebf978f0a85532c9bc3f9fccbce77ccee71c23a0196ef97fafa478cae3131c79920372538d1348705c931430ea206313242751b269b226c1c826186bd325c9ca499451dce947b169d6c8186b62249b5cf3d049928d3dfd8fa68324a7811fc391d481a38130764a92dbc07f0f48b6a8e67caf92545af3cf25d6d86a6365255378fa77c75638d6964b9235a6c0ca94cbd8f2d3ffdd2d9335e51eab53ae634badeb29f7c82972152809245494bffa9319c51c0a34952182e8f6ed4736c49cc839ded595d35dc6743452869132acb1e9b2cab035ffdf48e956cad0677fbca407b41b7e49f992f28d946f8df2ad558191f265946fa57c634d8195f265ed4947eed14e995d8e3d7ad7d86aa2a32020c25ceb5be5eda8406fbfe3ef61a44c59651a6bbb49a6bb35ea6aa41e92bad4fc0180ba1c97cc312b7bd4c8e6ca2a478e72ac4cae71ed51bfc7c92e0ec41e7ec737c94f541404849169bf793d3da63aa6bfb16e7fc9f437d6f6779dd3ff2b99de7cca07d04a0a24ed97cc7ec9eeb7c6ecf7b876bfe4dd3f421f1cf4f97c2e1151101064737cf363ab9ca4c11eeb1de6ca0e37c60e9535c324f597144f4200c25c85a47d3276875cb3dd3ada665cb3ddab53bb17f8e656110f050117e0f3f99c4dba7c88c77846c8ea62193bd44ac3250d6424004004f24bda63a4edaeb4dd91d9661d67cba8c0ea5d8c385010a2da2dbe37bb1b632ff5c8bdd41a73a9ac26e8f4e43f0088662592dd2ceb6c9463373ad2c6971f98b28d5828081169baefb5c458c54c0838f60ac7ea722b7399a46e2403008d9223a3f55676bdacd6c4a4147fb8e09eb9e5c442416877aef5adf2a63955a38cb593add164633551cc17008060f14bda2c698563b5a22cc37d7fe9dd3755120b0521ecf87c3e678b33ee52576692acae73a489564a221900689537b2526bf4beac7ddb1ae7edd1ee9a4dcc63a020b49939f3e77bfcdb53c64bce1c19fb0549dd490500c2c2092b2db5320b62eda9e5dc2d414108b9e9bed7121d137bbd919d63a45bc432bf0010ee6f72a5d66895a40515aebb78a9efa62252a1200467a4e0f7f313aa4b526e35325f94d56431970000daab0a23fb968c7931d58d5bf8946f52059150109a6ce6bce5971a57b7cbd8af48ea48220010514e196bff65a56717f9a67e401c148406d52c5d3cc758fb1d49a3490400a2c20e494fcb9a2717f9b28e130705e1ac19f3965de558f343c9de2c29864400202a5519e93519e70f0b1fb8713505214af97c3e6793193fcd23fb532b4de0f7020050cb46193dec1d52f4fc82b9730314842830c7373fd6efa4de26ab9f4a1acaef0000a001fbacf4e79894a247a36df5c6a82908737cab92034ee5ddd6ea6e495d39e701004d902b63fe549aa03fbf796f5629052102d42c7bfc4d63ad4f5226e73800a0054e58e9578536ee2feff826f92908edd4adbe65935d637e2fd9119cd3008020da25d9fb173d38750105a11d993d6fe965d63abf95ec359cc3008010be8dae35c6fc2812ef7a88a88230e7bf9774aeae72fe688cbe246ee10400b40e6ba5e74c8cf7878bee9b7c92821066663db4748e64fe22a933e72a00a00d1c97d1bd8b1e98f20c05211c460d7c6f74f33b9ebfc86a36e72600200cde595ff73ad5ffb1e017d3b329086d3b6af037b157020020bc145a637eb2f8fe1b1f93319682d05ac5c0b7bc8b1cfbb4aca6700e0200c2d81bde18f78e05f7dd94474108b199bea5d71a639e97d49df30e00d00e1cb3d6b97db1efc637dbd30fedb49b9fd45a33f3a1e50f1a6356520e0000ed485763dc25b31e5afe7359db6e3e98b78b1f748e6f55b2df543d23d9599c67008076cbe8756face7ab0b7e7ac3290a420bcdfce59201c6755e95348c330b0010012de113bfa319afdd9f758082d0dc72e05b76b9317a4d52174e2800400439e95a73cb2bbeac0fc3f5070cdb3908b37d4b6f3146ab2807008008d4d163ec9bb37ccb6fa62034c1ac79cb6eb7c62c9494c83904008844564a92b18b663db4fc2b14844698396ff9b765f5a4240fa70f0020c27925fbeccc79cbfe9382d08059f396de6dacfdbbdad3ed970000b48c31560fcf7e68f97f85d50f153ee560f93765ede3621746004074b246f63b0b1f9cfa0805a1c6ec87967dcd4a4f89910300407473adb15f5ffcc0d4e7a2be20ccf62dbda5664222730e000090fc469ab9f0c1296f446d41b8d5f7e6586bdc77ac94c4f90000c05965c6bad72ff4ddb436ea0a42cd0a896b2475e63c0000e03cc7fc8e19df562b2eb6c935ff39be55c9c67516530e0000a85757af6bdf98ea5b921a1d05c15ae3772a9e947431c71e0080060d4d709ca7db6217c8569f1838d399f0a091becb310700a051860c7b6f5fd58e55cfbddf9adfb4551bc9ac794bae9175568a3b160000680a57d6dcb0c897f576c4158459bee55d64ec2649dd39ce00003459aed7062e59e09b96db1adfac75e620586be4d8a729070000345b37bff13cde5adfac5586fa673a57dc6964eee1d80200d02283865ef7d5033b573db739d4df28e4971866ff7a59a6f56b9ba4748e2b00002d56e8f5545fbce017d3b343f94d427e89c1facd5f28070000044d9adf8df96ba8bf49480bc2cc87967e49b2b33896000004f3d3b76e99ed5bfe85507e8b905d6298ee7bad93d7c46c93d48523090040d09df0c6b8c316dc77535e281e3c6423081ec5fc8972000040c874f2579bdf86eac143328230d3b7ec7263b45661b09d34000011cc3ad6b9fc65df8d1b82fdc02119413046ff4b39000020e48c6becef42f1c0412f08337dcb674a9ac8310300a035d86b663fb46c5a58178439f3e77b8cb1bfe6600100d08a1541faddb5be55deb02d08d53b3a7c5bd2300e150000ad6a488653f98d603e60d0e609ccf1ad4af69bca3d92ba719c0000687539a589e6a237efcd2a0dc683056d0421e054de4d390000a0cd642695d9ff0cd68305650461eac34be2e20b9c8314040000dad4b10e36aeef53be49152d7da0a08c202414986f500e000068735d0b4dc55782f1402d2e083e9fcfb132dfe7980000d0f68cccbd3e9fafc5efef2d7e80cd1a3753d2500e0900006161f0168dbbb9cd0b828cf911c7020080f0618db9b74d0bc26cdff2ab258de7500000105626cef02d9fd06605c11afd8063000040f8715af81eddecdb1c67f9967791b14724c570180000083b55de18b7e782fb6eca6b56c16876b330f66b94030000c2566c75b5f3e5e67e71b30b82956e277b0000c29791b9b3550bc28c79cbc7491a49f4000084333b62e6bce597b65a4170acee20740000c29fb1b659efd94d9ea438e7f7f313fcc5a94725a5113b000061ef9437a52873c13d73cb9b3418d0d4ef525d92722be500008076a3437571cacca67e51332e31385f226b0000da0f63cc6d4dfe9aa6fce539be55c97e539927299eb80100683715a1bc34519ddfbc37abb4d1c3014d79f880a99a46390000a0bdb10949a56e5653bea24905c1959d45c80000b4474e93dec31b7d8961eac34be2e20b9ce392520919008076a7d06b8bba2ef0cdad6a549d68eca326e69beb29070000b45b697ed3e19ac6fee5461704d79899640b0040fb659a3055a05105c1e7f33992a6132d0000ed979566c8da464d2f685441d8e28cbb545237a20500a05deb3ef3a1b74605ad20586bae23530000da3fc7b8d707af20489388140080f6afb1efe9172c08737cf3631d69229102001011aefef6231b625a5c10aa9cd471564a224f000022424adeb1bcb12d2e0886f907000044142b5d701ec2850b02f30f000088288d796f6ff05ec8e9bed712bd26265f521c71020010312abc2945190bee995b5edf5f6870042156311328070000449c787f5187f10dfd85060b82eb680219020010798c63af68764190741911020010912e6b7e41b0ba94fc0000883cd66a5cb30ac2ec5fbdd14752261102001091326ff1bdd9bdc905417e2f9717000088608eece54d2f08b214040000229869e0bdbede82601d5d4e740000447443685a41f0f97c8eacc6901c000011ed32596b1a5d1036e9f2219252c90d0080889676ebafde1ad8e882608c194566000044be80eb8e6c744170ac338cc80000887c8e34acd105c13a96820000401470a5e18d2e08b275ff65000010598c4ce34610e6f8e6c74a1a4064000044033bf85adf2aef050b42959334589297c00000880ab11d5535f08205c191c3e5050000a248c0d8e1172c0872cd50a20200207ad47527c37905c11826280200104deaba93e1bc82602546100000882275ddc9f0f982707a3de6be44050040341504dbbfc18230fbbf9777939448540000440f2b25cdf9ef259deb2d08816ad38f980000883ed5554ebf7a0b826344410000200a39c6d45f10eaba06010000229f2bb77fbd05c18a11040000a29151032308e21203000051c99ed301ceb9cd91820000403432b69e8250b393530f220200202af59e337fbee7bc82d05181de6217470000a2554c607752cff30a8255a027d9000010bd027e6f8ff30a828c3289060080e8658ccdaca320580a02000051dd10747e41b056dd4806008028ee076e1d0541964b0c0000447743a8ab2030070100000ac279054114040000a25aade90614040000705e177024698e6f7eaca40c72010020aa75ae5959f9cc08427a3749865c0000886a4eaaaabb9c2d0801c7df954c000080e39c5e17c99124e3aa33910000008f753b9d2d080187f9070000400ad4cc493c3d82c00445000020c9314affac20580a02000090dcda2308d63ae9440200008c6b3e1b411097180000803e9b76707a0481498a00004092fdfc1c04cb2506000020d51e4110971800000005010000345c10ac3592b8c4000000ce160433c7b72ad96f2a8bc90300004852071b97e04865c944010000ce38151b4872aa3d2689280000c019c6ad4c768c751841000000b50a8227d931a220000080cf045c2539ae2b2e31000080b38c4cb263146004010000d42a086eb2630c93140100402d8e49765c1946100000c059d62ac9317229080000a01693ec183149110000d4aa07b2c98eb514040000f0192b2539564e2251000080338c5592e318c511050000f88c8d755cd958820000009f31b18eb18c20000080cf58a338c73862040100009c65a458c732820000006ab146718ec408020000f85c458875244610000040ed7ee03082000000ce6b088c20000080f33082000000ce13eba520b48d8ea9f11adc334d837a745072628c92e2629414ef55429c372c7fde6abfabb24abfca2bfd2a2cadd4819c62edca2ed4d113a5b21cce3aa525c5ead28b3a6b48ef74a527c5aa43529c64a2e7f9575605545c5ea55365d5da9b7d4a9bf79f54dea9724e8c10f0384603325335a8679a7a764a5252428c92e34fff09c7732ee05a959457abb4a25a25e5d5ca2faed4be9c22ed3c54a08aea00079482107de2623c9a34aabba68deba31e1d23638fac1345155abafe90defae8884acaab39c892d293e3f4c56b06e8fa4b7acae318029174e3989e92a48ff79dd0536fedd2a1e325841204c37aa72b6b6c2f8d1bd245b15e4fbb7f3e55fe8036ecced3ab6b0e6a77f6290e701bbf6599590f2dcb91d48d2c42fc8bdc275d3fba7594d2922373ca474555408f2fdda1b7376747f5711ed22b4d3f9e7b89d292e8dd0d7d7a7c78f1277a7f6b0e613453bf6e29fa8f69c375518f0e11f9fcaca4151f1dd1e34b77a83ae072c0db84c9f60c9df4d51f4b6cf91c4a578fc8d44fe65ea2c430bd7c100c5e8fa3cb877451b78c446ddc7342ae8dbe0b0ffdbaa56aded72f3b3dac8b7a39c668dc902e3a905ba4a327cb08a4292fd992be3469a0ee9e39529d3ac447f4f33c73c9e483ad39b25cc76c0ba58e24871c42a757e7647de7e6e15133d47ccd88eefade2dc3156d03ebb15e8f7e3277b4e2633c9cf48d2c09df9a3a2c2286c55bb384ff60f648cdb96a40d4bc9e8ceadf5173ae1ec0c16fa35f534712174943e88e1b072b2ecade34ae19d15db74d1a1855cf79dae5bdd5252d8113be093a7588d794cb7a1144233f517f7fd6085d757166d43df719e3fb46f4e86bb81704461042a45b7aa246f5ef1895cffdd689fd35b07b87a879bed75dd28313be19260e67fa53637ce1aa01ba725874661517e3d1d8419d390928089165f4808e32263a07681c63f49d9b8745c55068a70ef11173574a6b1bd0bd833252e209a2a18c3253f5c56ba37b983d9a3e6c5010a244ffccd4a87efefdbaa5eafad191ffc9ba532a6f70cd65245dd42395201a28daff71f3703926baaf04a727b3e06f9b1404434108998e7c32d2ac2bfb47fc8b9bcb0ceb16e99ec1e84b7dae1cde4d033229502c9ed44605c1ca50104224818935ea9a9ea0f143bb46f4733c5954c1c9de02991d1309a10e46d2ec89fd08425259859f105a9fc7912c0521549f2cf96829499a3ebe6fc41784a3274b39d0cd9492c0ba1175b9646027f5e9924210924e14b144779b8c20884b0c215352c1d2c39234a84707f5ea9c1cd1cff1dd2dac0ad85c71318cb4d559acafe84b0835761d61d9650a428439555a450835ae8bf0c98a4b371ca21036bb20f01274aede5d9235324a6f913e57b5dfd5fe9c2282a0204416869d3f73cd88cc88bee5b1a4bc5acfbcb59b03dd0c315e5e82ce75f3b83eac607776f4a0507ef66368b382c07918aa8290cf3af367a425c769d4804e11fd1c576e3aa2353b8e71b0d122a989b1ba7a442641d4f8e4403e21b461414088649f6004e1dc5184486625fde5d5adcaa118a205b2c6f6628f8a5a36ed3b41086dd51088207472f2cb5456c9ed39675c3eb88b1262237b425a59a55fbf5df0b1aafcdcb78da68bf1389a3a96fd29cec83b55ae7d4799a0484188c44f94d66adf5126d79c1117e3d11543bb44fcf33c78ac588fbcb19d038e269b787137a5b16ae0596b761c13378b531022d65edaefe75c3da27b543ccf559b8f6ad986c31c70349a9134633c0b23d5f6f6c7d9844041a020448b11fd329491121d9f909e58be53bb8f1472d0d128970deea2de5d9209a2c68e43053a74bc84202808916bdba7050c91d53ee18cd1c428d9d3de1f70f5bb9737ab946562d108b327f627845adedc788410280891ada8ac4a47f268c1b55d1325971924e9c4a90a3dbe7407071d0d1ad12f43837ab0a5f119c5e5d5fa70472e415010221ff7f17e5ebf6e29513594faee2747b57e771e071ef5baf54a460f6a7b67f35155fb591c89821005b67e4a4188e6510449fac7b21daa64cb5ad46160f70e2cab5c8b6bad966d3844101484e8b0ed60be5ccb4c84cf15849191bdf4f2b98e17966bf1870738f038cfec2bb973a1b60fb7e7b2d81805217a1497576b6f367733d4969112af31033b45d5737e65cd411595b181173ed3a35392c60de94210b52cfef020215010a2cbc63d2c177aaec963a26bc5b88aaa805e59c38b1f3e73ebc4fe3286ed703e7b9dcc63e7460a42149ef87b99a476ae4b2feaa44ea9f151f59cdfdc785815cc4580a4cc8c445d75319b32d5f6f207fb098182107d0ee41429bfb882206a9f7cc668d2a81e51f59c4b2bfc7a6fcb510e3e74dbb503a36a1ece856cfb345f3b0f1712040521fa58491fede532c3b9aebfa447d40db12edfc812ccd1ae57e7644d1cde8d206a79e97d460f2808518c7be1cfd7252d41a3fa6744d5733e905bacec936c051ecde65e3380b907e78c1e6cde7f92202808d1ebe3bd27d8feb90e932fe91975cf79cdf6631cf828d5bb4bb2260ced4a10b5fcf39dbd844041886ed501571bf7308a70aecb07775187a4d8a87ace6b775210a2d597ae1dc8e8412d1bf7e469fba705044141c09a1dbc319ccbeb71a26eb2e281dc6295945773f0a34cbf6ea9ba7c08a30767586bf5c2aa3d04414180246dda7b421555dce676ae29637bc989a24f55d65aed38c4a7a66873dbb503c5d8c167566fcfd581dc6282a02040922aab03ac8950872e6909baf4a2e85a59713b0521aa0cc84cd5d8419d09a2866badfef5ee3e82a020a03626a8d5eda6cbfb44d5f3dd75a490831e45be34e922460f6a59f1d111659fe06e1e0a023e67c3ee3cee66a8c3c8fe1dd5b35352d43cdf23bc38468da1bdd3a36eef91869455faf522772e501070be2a7f406b99ac781e23e9a6cb7b47cdf32d29af5661299b3745c379fdb5eb0711442d0b3fd8cfb94f41407dde61b9dd3a5d3bb28712e3bcd1338a9057c2418f70132fced4905e690451e3645185def8f72182a020a03edb3e2dd08953eccd70aef8588fae1b1d3db73c1e65dffb8816e371f4e5eb2e22885a9e59b15b956c58464140fdacb57a6f6b0e41d4e1a6cb7b47cd42328525951cf008366d5c1f754d4b20881abbb34fe9035ef72808b8b077366713421dbaa527ea922899d0758aebb0112b393e46b3afec4710b53cfdd62e5962a020e0c28e9c28d5be9c2282a8c3cd5172cb6361292308916aee3503949c10431035566fcb6571300a029ae2ed8f1945a8cba8011dd5af5b0a23086897baa5276acad85e0451a3a23aa0a7dfda4510140434c5bb5b8e3261a70e46d2cc09913f3c5b55ed72b023d0d7ae1f24af8797d7335e7e7fbf4e1431299b82802629abf46bf5f65c82a8c395c3bba95b7a2241a05d19d4334d570c6343a633720bcaf4eada830441414073acf8e80821d475721aa369e37a1304da956fdc309825956b7962f94e55fb1929a320a059761e2ed4c163ec685697c997f4546a622c41a05db87258371645aae5e37d27b561379bd35110d0222b373159b12e71311e6531d90bed408cc7d157ae6751a433fc01578f2ddd4e101404b4d4bb5b8eaacacf64c5ba4cbbbcb762bd1e8240589b31a12f73666a7975eda7ca61a5500a025aaea4a29a6da0eb919a181b55cb2fa3fde9d4215eb74eec4f10358e15966bc17bfb088282806059ba9e0d4cea73cbf83ef2384cfd4278bae3c6218a8b6194eb8cc796eee0f66d0a02826977f629edce3e451075e8969ea88917671204c2cec8fe1d357e28b7359ef1e1f65c7db4878989140404dd1beb3e25847accbd7a00a308082b5e8fa36f4d194a1035ca2afd7a62392b26521010126b761c537e31ebf3d725332351570eef4610081bd3afe8a31e9d9208a2c60babf628bf981513290808097fc0d5f28d8709a21e5fb86a40d46c058df0d6a943bce65c3580206aeccb29d2b2f5bc7651101052cb371c66e5b17af4ec94a4092c638b30f0ada9c3141fcbc44449b2d6eab125dbe55a3673a62020a48acaaaf4c136f667a8cfdcab194540dbba7258375d36a83341d478e3df8798604d41406b799dc98af5ead53959570ced4210681389715edd913598206a149454eac577f612040501ade5406e91b61f2a208886461188016de0f6c9839491124f10351e5fba4365957e82a020a0352dfef00021d4a34f9714b6d445ab1bd22b4d378ce949103536eec9d39a1dac004b4140ebfff2edced3a1e32504518f2f5f7b911ce622a095c4781c7de7e6e1cc7fa951591dd0634b77100405016dc14a5ac42842bd7a744a628f06b49a2f5e3b50bd3a2713448df9efeed3f1c27282a020a0ad7cb0354779a7f825accf6dd70e60a74784dca01e1d3473425f82a871e878895e5d7b90202808684b01d7eab5b5dcd1509f8c94784d19db8b201032311e47dfbbe5622e67d5b0d6eaef6f6c53c065cd030a02dadc5b1f1d5151591541d463f6c47e4a8cf3120442e22bd75dc4a5855a5e5bfba9761e2e24080a02c2416575404b59c2b45ea989b19a7e455f8240d00dee99a69bafe84310358e1596b3e6010501e166e9fa43ecafde805bc6f75187a4588240d0c4c578f45f33b8b4708695f49757b7aa82d7210a02c24b515995566c3a4210f54888f5ead689fd090241f3f51b06ab7b47766a3ce3ad8d87b5f5603e415010108e167e7040557eda7b7da65ed69b177404c598819d94c5e4d7b3f28b2bf5eccadd04414140b82a28a9d48a8fb209a21e1ec7e8f6c98308022d929614abff9c3182a5bc6b7964c9769556b09c32050161ede50ff6338ad080cb0777d1a8fe1d0902cd628cd10f668d541af359ce7a77cb51addf759c2028086014a1fdfbfa0d83995886669939beaf465230cf2a2aabd2936fee22080a021845880c7dbba6b004339aac7f66aabe34692041d4f2c892edacc14241407b1b4578eb23ee6868c897afbb4809b12c9e84c6498cf3ea9ed923e5f5f09278c6ba9dc7b4663b3b355210d0ee704743c3d2926275eb55dcf6880b3392be37fd62ee80a9a5acd2afc796ee24080a021845884cd3c7f551d7f404824083664ce8a7f1c3ba12442d4f2cdba9fce20a82a020a0bd5ab4fa80aafd2e41d423c6ebe8ceaca104817a5ddc37435fb9ee2282a865d3de137a7b3313a1414168d7f28b2bb57c237b343464eca0ce1a37a40b41e03c1929f1bae7d651f238dcf1724659a55f7f7d7d1b41808210095e7a7fbfca2a59c0a421774e19aaf8580f41e02c8f6374cfadac7770ae7f2cdba193455c5a00052122149555e9950f0f1244033aa5c66bce5503080267dd913544c37aa713442d1b76e769d5e6a304010a4224796ded411596541244036e19df577dbaa4100434f9929ebae9b2de04514b69855f8f2cd94e10a020449a8aea80e6bfb79f201ae0718cbe75d350d6d78f72a30774d25dd38611c4391e5db29d4b0ba02044aab73e3aac9cfc328268c0b0dee9ba7a6477828852bdbb24eb475f6052e2b9d6ed3ca6f7b7e610042808912ae05abdb06a0f415cc037b38630312d0aa526c6eaa75fbc448971acae595b5159951e79834b0ba02044bc0fb7e56a77f6298268404a428cee9ccada08d124c6ebe867b75da26ee98984718e4797ec5061297b2d808210f1acc42842235c39ac9bae18caca79d1c0e39cdebe7970cf34c238c7eaedb9fa707b2e418082102db6ec3fa9cdfb4f12c4057c7bea502527c4104498bc898764e4c0e3e8c773466b3c65f03c85a5557a6cc90e82000521da3cbb72b7acb504d180b4e438dd396508418481f810ecba191fe3d17d5f1aa3cb06b38a665d1e79631bdb388382108df6e71469d516163cb9906b46746719e6309010e48983f1b1a7cbc1a8fe1d09b70e6f6fced6ba9dc70902148468f5fcca3daaa8623be80bf916971ada5c6a628ce26282b314764a428c7e79fbe5bab86f06c1d621ef54b99e58c636cea02044b582924abdfc018b275d48464abcbe7bf3708268cb172163d4a74b728b1f272d2956f36ebf4c03baa7126a1dacb5faf32b5bd9bb05140448afae3da86385e5047101570cedaac997f424883634a8857719f4ea9cacdfdc7985fa746539edfabcb6f6536d3d984f10a02040aaf6bb7a66c52e8268846f4e19a21e1d9308a28d4c18d6add95f3b7a4047fdf71de3d4352d8120eb7138af44cf730b342808a86dcdf663daf6299f1a2e243ec6a31fcc1a29af875f89b630b8579afa36f1d3bf638ce65e3d40bff8f2a54a8a6785c4faf803aefeb8688baafd2e61808280cf7b62f92e6e7b6c8401dd53f5a56b0712441b3092be71e3e0466fa6d5352d41beaf8dd56dd70e9463d85ba1212fbeb35707728b090214049cef406e91567e9c4d108d3073425f6e8f6b2323fb75d497afbba8c1bf9318e7d56dd70ed49fbe7b25772a34c28e43055afce1418240b3302e17255e787b8f260cebc6663517fa246b8c7e387ba4ee7d6cadf24e31c1b3b5dd3ab1bfbaa627e89fabf69edd9d3421d6aba1bdd3347650675d33b2bb126239871ba3bccaaf875ff9442ea387a020a02185a5557af9fdfdfadae441847101a989b1faf1dcd1baefc9755cb76d031387676ae2f04c955454cbeb71141fa43512a2cd93cb77e958012517cdc7258628f2faba4fcf7e2a43c30664a6eaae69c308a20d25c7c7500e9ae9a3bd27b462d311820005018d531d70f5e812f67e6faceb46f5d094b1bd42fa3dbc1e26d821b8aafc013db694df735010d0449bf79fd46ab6786db46f660dd1905e69212c08fc0a22b8167e70804b0ba020a079feb16c27cbad36e10dfc67b78d518f4ea1594429c6cbaf2082a7a0a452afae394810a020a0790a4b2af5af77f7124423a524c4e8175fbe5469c971c12f088c2020885e7a7fbf2aaad9a40d1404b4c01beb0eb1784a13744d4bd0835fbd34e8b789a6b0932482a4a22aa07736b3cd3b28086821d75a3dba643b2b2c36419f2e29fad11746c9e3046f6261284625109d3edc9eabf22a2e1d82828020d875a49015169b68f4804efac9dc4b823677203d858280e0d879b89010404140f03cbb62b78acaaa08a209c60eeaac9fccbd44b1de96dfa3df8d1d081124d9274b09011404044f7179b59e5bc936b04d356660273df0954b5bb4ecaf9134b04707c2445004f3d2174041802469e5a6230c4f36c3b03ee9baff2b972a2d29b679a30719894a4d8c254804453af359404140b059498f2cd9ae80cb84c5a61ad22b4dbffbf6040ded9ddee4afbd7a44770244d0b00b29280808894f8f156bf1870708a2193252e234eff6cb34fd8a3e6aec206f7cac47378ce94178089ab1833a07655e0c4041c079e6bfb74fd92798e8d41c1ec7e88e1b87e8c1af8d55cf0bacba688cd1f7a65fac8c94788243d0a426c66aca65bd0802c17b5d1b3ae9ab3e628024b9aed581dc225d37ba878c61c25373744d4f54d6d85eead539592515d53a5954a1334b4d781ca3e17d32f4fd992334e6a2ce8485a0eb9f99aab73e3ac236e5080a33eba1655c78c6e7dc396588a65dde872082a0ca1fd0895315f27a1ca525c732048c907bef931cfd71d11682408b718901e7796ee51ee51694114410c47a3deade31495dd21228076815578fc8d45517671204280808becaea801e7963bb185a02daa76fdf344c99198904010a02826ff3fe937a9b659881762929deabfbbe3426e89b8b81820048929e7a73a7f28b2b090268877a744cd2f7678d94c384635010106ca5157efdfd8d6d0401b453970deaacff9a71317725818280e0dbb03b4fabb7e71204d04e5d33b2bbee9c328420404140f03dbe74878acbab090268a76ebaacb7be78cd4082000501c175aab44a8f2fdd4110403bf6c56b065012404140f0bdbf3547abb771a90168ef25e16bd70f22085010105c7f7f639b4e16551004d08ecdbab29fbe369992000a0282a8b4c2afff7b752b0b2801edbd244ce8a7db2909a020209836ef3fa9e51b0e1304d0cecd9cd04f5fbf613041808280e079faad5d3a7a926da181f66ec6f8be94045010103c95d5013dfcca56055c2e36009150129893000a028266f791422d5cbd9f208008306b423f7de346461240414090cc7f779ff6649f22082002dc72455fdd71232b2e8282802008b8560fbff289aafc01c20022c0f42bfa501240414070649f28d5732bf71004104125e19b5943c4f64ea020a0c5de58f7a936ed3d41104084b8795c1f7d7bda304a02050168192be96faf6f5349051b3a019122ebd25eba8391040a02d052278a2af4b7d7b6110410416e1ed747df64ab680a02d0526b761cd33256590422cab4cb4fcf49000501689127dfdca903b9c5040144909bc7f5d117aeea4f101404a0f9aafdae7ef7d2c72aaff213061041be3ce922cd18df9720280840f3e5e497e989653b09028830b7df3058d78fee41101404a0f9567e9cadf73ec9210820821849df993e5ce38674210c0a02d07c7f7f631bbb3e0291f6a6618c7e387ba406f74c238c482f84b31e5ac6967c089901dd53f59b3bc6c9eba18ba2f1ca2afddaf669810e1e2bd2c953152aadf0cbb5565e8fa394841875cb48d4a09e69eadf2d8573ab8d9c2aadd2cf9e58a7dc8232c2a02000cd33f9929efaeef4e104814615831756edd1db1f67aba2eac27b7cc4781d8d1dd4599346f6d025033bc9e3b0ac4f6bcac92fd3cf9e58a7a2b22ac288409ea193beea230684d2fedc22a524c4eaa21e1d08030d9683fb9e5ca70dbbf3e40f34ee738beb5a1dc92bd5fb5b73f4d6c6c32aab0aa87fb754c57a1955680d2909311ad22b5def6dcd91ebf25993820034c3e6fd2735a4579abaa6271206eaf4eccadd5abf3bafd95f5f511dd0f64f0bb46cfd619555fa75518f0e8aa128845ca70ef1ead131496b761c270c0a02d074d64a1bf7e469c2b06e4a4e8821107c4e7e7185feb0708b6c103e84fa03ae761e2ed48a4dd98af57a34b07baa8ce1d24328f5ea9cac18afa32d074e124604a15ea3d5149757ebd7ffdca8b24a1651c2e76ddc734281200f51179555e9f1653bf4a3c7d66a7f4e112187d8ec2bfb69cad85e044141009ae7c889523dbcf81359cbf54a7ce6e37da1db2efc406e917ef28fb5fae7aabdaaf6bb841d42774e19aad1033a12040501689e7fef3aae17dfd94710f85c710ca5806bb5e0fd7dbae7910fb53bfb14818788c731fad11746ab4f9714c2a02000cdf3d2fbfbf4c136565ac4697985e5adf27db24f96eae74faed3ab6b0f8a31acd0488cf3eae75f1ea38c9438c2a020004d6725fd79f1567d72209f30a25c7179b52aaa03adf6fd02aed5536feed2ffbcf8914acaab390021d029355ef7dd3646f1b11ec2a020004d571d70f53fffdac404b22857de469356d7efced33d8f7ca89d870b390821d03f33553ffac26816afa22000cd7c73a8f2eb572f6c544e3ecbb54673516c2b278a2a74ffd3ffd62b6bb8e4100a630676d237b38610040501689ec2d22acd7b7e830a4b2a09231a0b421bdf591070ad9e7e6b977effd26655f9031c90209b7a596f4dbfa20f41501080e6395650ae5fbef0116b2444217f203c6e3d5cbd3d57be6737e85429fb0a04db376e18ac7143ba12040501689e03b945fa9f7f6d6ad3216744b79d870bf5d37facd5e1bc12c20822638c7e306b840676673f160a02d04c5b0fe6eb8f8bb6c8652125b4916385e5fad913ebb469ef09c208a2b8188f7efac5d14a4fe6f6470a02d04c6bb61fd31f5ede12f4a57781c62aabf4ebd7fffc488b561f208c20ca4889d74fe68e568c87b71e0a02d04cabb7e7ea4f8b2809683baeb57a76e56e3dbe6c074b8307d1a09e69baebe661044141009aef836db9fafdc2cd9404b4a925ff3ea43f2ca4ac06d375a37ae8e671dcd94041005a60cdf663fafdcb9404b47d59fde5f31b5551c56d90c1f28d1b076bccc04e044141005a5012761cd3ff5212d0c6b61c38a979cf6f506905b7e206e5cdc718fd60d648754d4f200c0a02d07c6b771ce31648b4b99d870b75df93eb945fcca25ec1909c10a39fcebd447131ecd94041005a60e39e3cfd6ec1c7ac7687367538af44f73ffd6f1d6ba51d28235d9fae29ba730acb31531080165abf3b4f0f3cbd5e4565ac7687b693935fa69f3db14e9f1e2b268c20987c494f5d37ba074150108096d99d7d4a3f7feadf3ace2738b4a1c2924addffcc7aedce3e451841f0ed9b86aa6fd71482a020002d937da2543f7d621d5b45a34d9594576bde731bb4f72825a1a562bd1edd3b67b412e3bc844141005afe09ee8167d66bcbfe938481365356e9d7bce737ea20971b5a2c332351dfbbe56282a02000c17971fee50b1bb562d311c2409b8e24f89eddc0264f41307e68574dbea42741501080960bb8567f7b6d9b16b26e3eda505159957ccf6e504e7e1961b4d037b3862833239120280840cb5949cfaddcadff7d79b32aaab90d126da3a0e6b2d7b10226d0b6447cac47f7dc3a4a1ec710060501088ed5db72f5b327d6f1028d3673b2a842f73fc35d362d3520335573af1940106d5c1058bf1611e5d363c5baf7f135fa78df09c2409b3871aa420f3db78115175be80b13fb6b789f0c82681bae2389b56b11714acaabf5cbe737ead995bbd9aa176d2227bf4c0f3eb35e85259484e632c6e8bbd3872bd6cb52cc14042088aca445ab0fe8772f6f66173eb489ec93a59af7fc469594571346336566246aced5fd0982820004df9aedc7f4937facd5a1e3dc8286d677f058b17efdcf8f983cdb0233c6f755afcec904d1fa05c1501010f10ee795e8dec7d768d1ea035c7240abdb75a450fff322bb913697d7e3e87bb75c2c63b8aba1550b8291e58c4554a8f6bb7a76e56e3df4fc46268fa1d56d3970527f5efc0905b59906f5e8a01bc6b080522b0a38964b0c88b617eafd2775cf231f6afdaee3848156f5c1b65cfd63d94e8268a6af5e779192e2d9aba1d54610444140142a2aabd26ffeb5490f2ffe846bc368554bd61fd2fcf7f61144332427c468e6847e0441410042ef9d2d4775ef636bd8b217adeac577f66ad9864304d10cd3c6f5517a721c41501080d0cb3e51aa9ffd63ad1e5efc09b7a3a1d53cb674a73ed89643104d141fe3e1b6c7562c08cc9841d4b335a3093ff8fb6aadd9718c4010fa73ce5a3dbc78ab36b35d7993dd30a697baa6251004230840ebc92faed46f177cac5ffff323e59d622d7d84963fe0ea7ffeb549bb8f14124613781ca3acb1bd08828200b4be8d7bf274f75f57eb5fefee53c065900da153591dd07fbfb849d9274b09a309ae1bdd43311ef61b0c1de33a92b8e80ad4f3c2fdaf77f7eac78fafd11686811142456555faf50b1fa9b0b48a301a29353156e38674218890b17e47126724d08003b9c5f23db741bf7c61a33e3d564c200889dc8232fdea858d2aaff2134623dd7829971942f91989820034d2a6bd2774cfa36bf4bb9736eb7821f313107cfb738af41b96646eb4e17dd2959c104310a151e54862cd59a091acb5fa707baeeefeeb6a3dfff61e9555f269afa55ce6787cced683f9fabf57b6b2247323186334b4773a413082008451b5f607f4f207fbf5dd3fbfafc51f1e6058b805cad98afb3cef6fcdd1634b5992b931fa774b2184108e20501080662a2aabd2332b76ebdb7f7c57ff5cb5574565fc3a3515a330755bb6e1909e5bb99b202ea047a724420809c3250620184a2bfc5af0fe3eddf5a7f7f4f8b21d3a71aa82501a9d1d3752d567e1ea037af983fd04d180d4c4584208493f702bbd8c2000c153591dd0927f1fd2f20d8775f5884ccdbab2bf7af209a7413927cb08a101cfbfbd4789715e4dbdac3761d4212ec64308211a41f01aa34ae6c200c11570ad566d3eaa77361fd5c5fd3274e3985e1a37a48bbc2cec729e5dd9858470018f2fdba9c438afae19d99d30ce51c11c96d0d403ab4aaf7555254318402858499f1cc8d72707f2959a18ab49a3baeb86313dd5bd23a30ad2e9391cbb0e53102e781e59abff7b75ab64a46b4650126ae396e390bd765579ad5125fd00689d37c357d61cd4ab6b0e6a78df0cdd30a6a7ae18da35aa978b5dbef1304b593752c03dbdb95355b5ab1bc6f424901a7bd8aa3d7423088e4c95654347a0554715b61eccd7d683f94a8af7eab2415d347e68578d1ed04931dee8290b274e5568f1ea839c104d1c49f8fbebdb545c5eadd957f68bfa3cfc0157ffde759c132334675b95d7b5aa340c21006da2b4c2af77b61cd53b5b8e2a21d6abb1833aeb8aa15d356660a7889e7c555115d06f5ffa98f5239a59309f5bb95bb9f965ba6bda30799ce87d015fb1e908b716876e0ca1ca6be496894908409b2baff2ebfdad397a7f6b8ee2623c1a7351278dbda88b46f4cd50a70ef111f33ccf6ca9cdd070cbdf1cb34f96ea87b347aa536a7cd43dffbc53e57ae1edbd9c08a12aa246a55e6354ca050620bc545607b466fb31add97e4c92d42d3d5117f7cdd0887e19bab86f86d293e3dadf0b8eb55af971b65e787b0fbb1606c98e4305bae7910f75d7b461ba7258b7a879de85a555fad50b1fa984353442377e20957aad714ac47d8e4058cb2d28536e4199566c3a22e9f4ea7123fa666840f70eeadb3545bd3b2787edfc8592f26abdb3e5a8966d38aca3274b399821c8f77f5fdaac15fd8fe8ce2943237edd8dad07f3f5a7c59fe864118b9185b4d0cb9478ad5529171880f625fb44a9b24f944a3a2c49f23846dd3b26a96fd714f5ed96a27e5d53d4bb4bb2d253e25bfd02624555407b8f9ed2ae2385fa78df49ed385420970f2121b779ff497dff6fab35765067dd7c791f0def9b2e278226986d3f54a0d7d61ed4ba9d4c4a6ca58a50e275644bf8d505dab7806b7538af4487f34af4fed69cb3ffdeeb71949112a78ea9f1ea941aaf8ea9f1ea981aa74ea909ea9014ab18afa384588f3c1e4749f15e791d47f1b19f9f1c5956e9976bad2a2a030ab85615d57ef9035645a5553a5556a582e24a9d28aa504e7e9972f24b955758412168ab97746bb57ed771addf755ca989b11a3ba8b306f54c53efcec9eade315109b1deb0be53c6d68c88949457abb8ac4a87f24ab437fb943ede7f92f50e5afd58d812afb5b654dcc60044247fc0d5f1c2f226bfb8c67a3daaf2b3425d7b565456a5b73fced6db1f677feedf7b1ca384586f38be21a9b482bb5ac2856355eab5f29418b9a401e02cca41e40ab896c97d684461734a1c2b5b42140000e0b382604b1cc7b14c2b060000b50a825be258e33282000000cef2786da9131360040100007cc63a7125cea9246f3151000080333a54794a9d37efcd2a95c4945600002049154ff926559c5931a3803c000080644e4ad29982904f20000040b205670b82a120000080d3f2cf16046b280800004032a65641904b4100000092756b8f20708901000048b246b5e62038dcc5000000242353ab2058434100000067af2a70890100009ce550100000c0b95c5beb128363dc1344020000e4d85a2b29ba368744000080e3b147cf16844e995d8e497289050080a8e6e657c7e59d2d088fde35b65ad24972010020aa1d7fc737c97fb620d4e03203000051ccd6ea029f150463738906008028664c1d05c132820000403473ac28080000e01c751604878200004054735c46100000c039b8c4000000ceeb0746b9e71504bfc7c9261a0000a297d7f5669f57108a03b18725f989070080a854ad6105e717849a95938e900f0000d1c7489f2e983b37705e41a87180880000883ef69c0ee09cf35f290800004421636dfd05c13a968200004014b28e537f4130d6a120000010858c6de01283cb25060000a292dbd025064f0c97180000884631b1eee73a80f9dc7fb5d6cc9ab7bc445222510100101d8c54baf0c129c9b5ffdde7ef6230c68a5b1d0100882a56da77eebf73ceaf117607510100104d0dc16ebf704170cd76920200207a18632e5c10eafa4b00002072596bb75db02058ab6d44050040f4087874e182e0d5a9dd6257470000a245555120fec2931417f8e65649da4b5e00004403b3ab6647e7860b8224197199010080a860dd3adff3eb2c08aec444450000a2407d3727d43d82602c050100802850d71d0cf5160419ef6622030020f20564b6d45905eaa91366d6bce5f992d2880e00808895bfe881ac4e355b2d7c4e3d2308c6cad88fc80d0080c865a5f5759583fa0b8224b9fa37d1010010b91c6bd6d7fbdf1af8baf54407004024739b5e105caf434100002092c5346304e1955f641d967494f4000088484716fe7c4a4e930b8224c96803f9010010814cc3730d1b2c085696cb0c000044664358dfec8220ab350408004004d6036bd735bb20a4d9f8d5922a881100808852e149295adbec82f0946f52858cd6922300001165f5827be69637bb20d458458e0000440e63f4f685fece850b826bdf264a00002288ebb6bc2074ceecbc4e520969020010118a3b6576d9d8e282f0e85d63ab65f40179020010018cde7df4aeb1d52d2e089264998700004064b0a65153079cc63d9a5949a2000044006383571046bb6b3649ca21550000da753bc85e747fd696a015049fcfe74ae655820500a01dd7036b17c9181bb48270fa2fba8b88160080f6cbca34fabdbcd105a163b7ce6f4b2a205e0000daa5fc02c5be17f482f0e85d63abadd552f20500a03db2afbde39be40f7a4138fd970d97190000688ff5c03a8b9bf69edf041ec52e934c39310300d0ae949525e9ad90158405be492546ee0a720600a03d31cbdfbc37ab346405e1f4f7302f12340000eda81e48ff6aead734b920a4ba710bc5dd0c0000b417f9a936f695901784a77c932a8cc428020000ed80957dfe29dfa48a9017044992b14f12390000e1cfd3ccf76cd3dc6f38eba1651f4b1a45f4000084ad2d8b1e9cd2acf76aa7f9dfd33c4dee0000842f23f37873bfb6f90521c6f38ca44ae20700202c5555dbaa7fb67a415874dfe493467a9dfc0100083f565af49a6ffa89562f08921430e6b71c020000c28f63dd3fb6e8eb5bf2c5af3c90b5ce481f721800000827e6dd85be9bd6b659419024d7328a00004058d503d916bf37b7b8202c7ef0c657246de77000001016768eb46b97b679419031d618fd81e3010040dbb3c6fe3f9fcfe7b67d4190549ee63e2b2987c30200405b32d9316ef10bc178a4a01484a577df5429631ee6c00000d096dc3f2df0cdad0a9b822049a509fab318450000a0ad1c2d4d74fe1aac070b5a4178f3deac526b8c8fe30300409bf8c59bf76695865d4190a49821a7fe21691bc7080080d6643ef10e2d7a26988f18d482b060eedc802bf3330e140000adc8da1f2f983b3710d4ca118a9f73d6bca52b65cd751c310000426ed5a207a704fd3dd709c54f6aa49f4ab21c33000042cab5c6dc1b8a070e494158f8c0d4f5567a8ee306004008593db5f881ac8deda620489289f1fe50d2318e1e000021915b15e7ff51a81e3c640561d17d934f4af6bf387e00008480b5df7be3673717b4bb8220498b1e9cbac0482f73140100086639d0fc45bea90b43f92d9c503f078f0dfca7a47c8e26000041713210e3bd3bd4df24e40561816f5aae64eee1780200100ce6fbaffe7c72c8e7f899d67a3ab31e5af6baa4691c5800009afdaefdeaa207a6cc688d6fe5b4d673f2c6b87748269ba30b0040b31cf1bbd577b6d6376bb582b0e0be9bf28cd597250538c6000034895fd67ee935dff4131157102469a12feb3dc93cc8710600a0f1acd1cf17f9a67ed09adfd3b4feb3b466d643cb5f94d15c0e390000177ca75eb8e8feac2fc89856ddc2c069fd276aac5771774ae6138e3a00000dda5c9a606e6fed72d0360541d202dfa412bfa3196229660000ea93633c81196fde9b55da16dfdc69ab67fddafd5907ac31d32495700e0000f039c58e71a72dfcc5b44fdbea0770daf2d92f7e206ba3916e93e4e75c00004092542dabb92f3f70d3a6b6fc219cb64e61e18353de902cb73f020020b9c6e81b8b7c5396b5f50fe284431a8b1e9cba40d2b72459ce0d004094b2d698ef2c7c60ca0be1f0c338e192caa207a73c6964be4f490000446739d0dd8b1fc87a345c7e20136e09cd7a68d9b724fd3d9cca0b00002114b0b2772d7e70ea3fc2e98732e198d4ac87967f45b24f49f272de00002258b595fdfae207a7fe33dc7e3013ae89cd7a68f90d927d49522ae70f0020029538d67ef165dfd425e1f8c399704eee56dfd291ae719648b607e711002082e45a636e5efc40d6c670fd01c3fa3affcbbea95bfc8eae625966004004d96c3c812bc2b91c847d41904eafb8e8b5b11364ec4b9c53008076cd6a7e69a2b9b22d57486c2cd37e42b566f62f97ffcc5acd93e4e12c0300b4237e6bf4f3c5f767fdb62d365e8aec825063b66ff9d5d6e805e6250000da8923aed1975f7960cafbede9876e776b0d2cf465bde78d095c22e90dce390040987f0c7f5531ded1edad1c9cfed1dbb1590f2d9d2399bf4aeac4590800082385d6989f84d3ca8851551024e9965fafe8eaf107fe2cd9399c8f00803078677d3de03a77bdeabbf168fb7e1a1162c643cba73bd2df989b00006823c78c35ffb9d097151177dd45cc7e07af3c98f59ad7da91927d5a6cf80400683daeac9ea88af50f8d94722045d008426d33e72dbfd4c8fdff64cd759cb70080105a69ac7ebcd037e5a3487b6226928fdaadbe65935da3df491ac5390c0008a21d927d70d183531744ea138ce82d955ff64d5931caae1d23d9b9923ee57c0600b4d0516bcc5ddea1452322b91c48113e8250db8dbf5d9e94586ebf67ac7e202993731c00d0946220d93ffaadff2faff9a69745c31336d17684e7f8e6c7fa9dd4db64f56349c339e701000dbc49ee75a5ff4bb3718f3ce59b541165cf3d4a596b66cc7bf36663ecddc66a32bf0600805a6f12ab25fd69945df7b2cfe773a3b41c61d6bca5e3659d1f4a7686a458120180a85469a5c5d6983fbcf240d6ba680f838250cb4cdfaa343955738db577491a4322001015b64b7ac61be33eb1e0be9bf2888382d0a05be72d1bee5a7d4dd29d62af0700883485c6daf9567a76916fea07c4414168b26ff856c5179a8a5946e68b92b951b209a40200ed5299317a53d6bc589e1e58bcf4ee9b2a8984821014737e3f3fa1aab8c3648f756fb6c6cc94d485540020ac154866858c7d3d1057b9e8d59fcc2826120a4268cbc2fcf91efff694f192334746b7b2491400848d3c2b2db3320b62eda9e50b7c73ab888482d036ac35b7fe72e9686b9deb5c63ae33d65e2d29996000a05514cbe85d59f3b68c7d7bd1fd595b640c9bf65110c27374a17a6787d1c6dac9d668b2b19a28299e64002028fc92364b5ae158ad7054f41ea3041484f659187e3f3fc15fd461bc71ec15922eb3d65cc625090068f45b55b63176bda4f5b25a936ae3d644dbaa8614842832fbd7cb32037e33d623f7526bcca5b2ba42dc4e09004592fd44d6d928c76ef41bf3fe6bf7671d20160a42f4b2d6dcfaabb706da801d2563875aab8b65cc50c90e16ab3b02883c5592765a69878cdd2a6b76b8569b5ff54dd94b34140434c2b5be55de8eaa1a68a58b3f2b0e1a2269a0a444120210e66f32a556da67a51d8eb4cd95b67bacd97652b17bdff14df2931005012130ed37afa7c754c7f437d6ed2f99fec6dafed631dd65952969280502402ba896ec616bcc7e59e518e9a83566bfc7b5fb25effe971fbcfe00771450101046e6cc9fefd1f6f41e01c7f6b26ea0ab314e0f2bdbd558f5701dd3c558db4352d79a3f9c0700cee54a3a2ee9983526db71ed71c91c711d7bccb8f6a82b273756ce110d2bc85e30776e80b828088830d7fa56795355ddc5716ca6c7ba9d0252866394ee4a19c635e946cab08e3264952e29a3e64fbab86d13684f2a24e54b2aa8f9df7c635560a57cebd80247cab752be63551030ce09d73539458a39ce25000a02d064dff0ad8acf8b2b4d88af8c4f97e34fb0b289c6351d5ca324199b60e5a43ad6a6b8c626186b928d942a6b3d56c62b635224c91a2549365692cce90222c9c44a6e52ad5334ed02e769aa240f470461c82fa9a1657dad640b3ffbbf4ea964abacac95318535bf179592293bfdb76db191f5cb9880958aacb125462ab3724a8cdc225953ee58954a4ea11cb75caeb7bc22aea2c04d72cad87300cdf1ff034093a94a450a10b20000002574455874646174653a63726561746500323031392d30322d31315430363a31363a30322b30303a30307282205f0000002574455874646174653a6d6f6469667900323031392d30322d31315430363a31363a30322b30303a303003df98e30000000049454e44ae426082),
(3, 'admin', '$2y$10$7QKERVo5YlvclCB9jdubNeffrCzSO86cSYxue.IYY5flwTF0LadnO', 'admin@123', 1, NULL, NULL);

--
-- Индексы сохранённых таблиц
--

--
-- Индексы таблицы `cities`
--
ALTER TABLE `cities`
  ADD PRIMARY KEY (`id`),
  ADD UNIQUE KEY `ucity` (`city`,`countryid`),
  ADD KEY `countryid` (`countryid`);

--
-- Индексы таблицы `comments`
--
ALTER TABLE `comments`
  ADD PRIMARY KEY (`id`),
  ADD KEY `hotelid` (`hotelid`);

--
-- Индексы таблицы `countries`
--
ALTER TABLE `countries`
  ADD PRIMARY KEY (`id`),
  ADD UNIQUE KEY `country` (`country`);

--
-- Индексы таблицы `hotels`
--
ALTER TABLE `hotels`
  ADD PRIMARY KEY (`id`),
  ADD KEY `cityid` (`cityid`),
  ADD KEY `countryid` (`countryid`);

--
-- Индексы таблицы `images`
--
ALTER TABLE `images`
  ADD PRIMARY KEY (`id`),
  ADD KEY `hotelid` (`hotelid`);

--
-- Индексы таблицы `roles`
--
ALTER TABLE `roles`
  ADD PRIMARY KEY (`id`);

--
-- Индексы таблицы `users`
--
ALTER TABLE `users`
  ADD PRIMARY KEY (`id`),
  ADD UNIQUE KEY `login` (`login`),
  ADD KEY `roleid` (`roleid`);

--
-- AUTO_INCREMENT для сохранённых таблиц
--

--
-- AUTO_INCREMENT для таблицы `cities`
--
ALTER TABLE `cities`
  MODIFY `id` int(11) NOT NULL AUTO_INCREMENT, AUTO_INCREMENT=12;

--
-- AUTO_INCREMENT для таблицы `comments`
--
ALTER TABLE `comments`
  MODIFY `id` int(11) NOT NULL AUTO_INCREMENT, AUTO_INCREMENT=11;

--
-- AUTO_INCREMENT для таблицы `countries`
--
ALTER TABLE `countries`
  MODIFY `id` int(11) NOT NULL AUTO_INCREMENT, AUTO_INCREMENT=22;

--
-- AUTO_INCREMENT для таблицы `hotels`
--
ALTER TABLE `hotels`
  MODIFY `id` int(11) NOT NULL AUTO_INCREMENT, AUTO_INCREMENT=6;

--
-- AUTO_INCREMENT для таблицы `images`
--
ALTER TABLE `images`
  MODIFY `id` int(11) NOT NULL AUTO_INCREMENT, AUTO_INCREMENT=13;

--
-- AUTO_INCREMENT для таблицы `roles`
--
ALTER TABLE `roles`
  MODIFY `id` int(11) NOT NULL AUTO_INCREMENT, AUTO_INCREMENT=3;

--
-- AUTO_INCREMENT для таблицы `users`
--
ALTER TABLE `users`
  MODIFY `id` int(11) NOT NULL AUTO_INCREMENT, AUTO_INCREMENT=4;

--
-- Ограничения внешнего ключа сохраненных таблиц
--

--
-- Ограничения внешнего ключа таблицы `cities`
--
ALTER TABLE `cities`
  ADD CONSTRAINT `cities_ibfk_1` FOREIGN KEY (`countryid`) REFERENCES `countries` (`id`) ON DELETE CASCADE;

--
-- Ограничения внешнего ключа таблицы `comments`
--
ALTER TABLE `comments`
  ADD CONSTRAINT `comments_ibfk_1` FOREIGN KEY (`hotelid`) REFERENCES `hotels` (`id`) ON DELETE CASCADE;

--
-- Ограничения внешнего ключа таблицы `hotels`
--
ALTER TABLE `hotels`
  ADD CONSTRAINT `hotels_ibfk_1` FOREIGN KEY (`cityid`) REFERENCES `cities` (`id`) ON DELETE CASCADE,
  ADD CONSTRAINT `hotels_ibfk_2` FOREIGN KEY (`countryid`) REFERENCES `countries` (`id`) ON DELETE CASCADE;

--
-- Ограничения внешнего ключа таблицы `images`
--
ALTER TABLE `images`
  ADD CONSTRAINT `images_ibfk_1` FOREIGN KEY (`hotelid`) REFERENCES `hotels` (`id`) ON DELETE CASCADE;

--
-- Ограничения внешнего ключа таблицы `users`
--
ALTER TABLE `users`
  ADD CONSTRAINT `users_ibfk_1` FOREIGN KEY (`roleid`) REFERENCES `roles` (`id`) ON DELETE CASCADE;
COMMIT;

/*!40101 SET CHARACTER_SET_CLIENT=@OLD_CHARACTER_SET_CLIENT */;
/*!40101 SET CHARACTER_SET_RESULTS=@OLD_CHARACTER_SET_RESULTS */;
/*!40101 SET COLLATION_CONNECTION=@OLD_COLLATION_CONNECTION */;
